id,Data source citation,Class,Order,Family,Genus,Species,Sub species,Authority,Common Name,Location of population,Country list,Region,Decimal Latitude,Decimal Longitude,Are coordinates for specific location?,system,biome,realm,Native,Alien,Invasive,Units,Sampling method,Data transformed,year,population,binomial,max_year,min_year,lengthyear,pop_trend
1662,Birdlife International (2005). Unknown publication - exact source not found.,Aves,Charadriiformes,Alcidae,Fratercula,arctica,NA,"(Linnaeus, 1758)",Atlantic puffin,Norway,Norway,Europe,66.0525,12.54472,FALSE,Marine,Unknown,Atlantic north temperate,Yes,No,No,breeding population index,Unknown,No,1970,100,Fratercula_arctica,2008,1970,38,7.646157375149559e-5
1663,Birdlife International (2005). Unknown publication - exact source not found.,Aves,Charadriiformes,Alcidae,Fratercula,arctica,NA,"(Linnaeus, 1758)",Atlantic puffin,Ireland,Ireland,Europe,51.60472,-10.13,FALSE,Marine,Unknown,Atlantic north temperate,Yes,No,No,breeding population index,Unknown,No,1970,100,Fratercula_arctica,2008,1970,38,7.646157375149559e-5
1664,Birdlife International (2005). Unknown publication - exact source not found.,Aves,Charadriiformes,Alcidae,Fratercula,arctica,NA,"(Linnaeus, 1758)",Atlantic puffin,France Atlantic,France,Europe,48.37222,-4.72417,FALSE,Marine,Unknown,Atlantic north temperate,Yes,No,No,breeding population index,Unknown,No,1970,100,Fratercula_arctica,2008,1970,38,7.646157375149559e-5
1665,Birdlife International (2005). Unknown publication - exact source not found.,Aves,Charadriiformes,Alcidae,Fratercula,arctica,NA,"(Linnaeus, 1758)",Atlantic puffin,United Kingdom,United Kingdom,Europe,52.87611,-1.26583,FALSE,Marine,Unknown,Atlantic north temperate,Yes,No,No,breeding population index,Unknown,No,1970,100,Fratercula_arctica,2008,1970,38,7.646157375149559e-5
1657,"Anker-Nilssen, T., V. Bakken, et al. (2000). The status of Marine birds breeding in the Barents sea region, Norsk Polarinstitutt: 140.",Aves,Charadriiformes,Alcidae,Fratercula,arctica,NA,"(Linnaeus, 1758)",Atlantic puffin,"RíŸst, Norway",Norway,Europe,67.51667,12.11667,FALSE,Marine,Unknown,Atlantic north temperate,Yes,No,No,Unknown,Unknown,No,1979,13e5,Fratercula_arctica,2008,1970,38,1
8122,"Anker-Nilssen, T., V. Bakken, et al. (2000). The status of Marine birds breeding in the Barents sea region, Norsk Polarinstitutt: 140.",Aves,Charadriiformes,Alcidae,Fratercula,arctica,NA,"(Linnaeus, 1758)",Atlantic puffin,Rost islands,Norway,Europe,67.51667,12.11667,TRUE,Marine,Unknown,Atlantic north temperate,Yes,No,No,Occupied burrows-% change from 1st count.,census,No,1979,100,Fratercula_arctica,2008,1970,38,7.646157375149559e-5
2556,"Lorentsen, S.-H. (2004). The national monitoring programme for seabirds. Results up to and including the breeding season 2004. NINA Oppdragsmelding 852: 46pp.",Aves,Charadriiformes,Alcidae,Fratercula,arctica,NA,"(Linnaeus, 1758)",Atlantic puffin,"Hernyken, RíŸst, Nordland",Norway,Europe,67.426421,11.880602,TRUE,Marine,Unknown,Atlantic north temperate,Yes,No,No,Estimated number relative,Apparantly occupied nests,No,1979,119700,Fratercula_arctica,2008,1970,38,0.09207650403530955
2555,"Lorentsen, S. H. and S. Christensen-Dalsgaard (2009). The national monitoring programme for seabirds. Results up to and including 2008. NINA Oppdragsmelding 852: 58pp.",Aves,Charadriiformes,Alcidae,Fratercula,arctica,NA,"(Linnaeus, 1758)",Atlantic puffin,"HorníŸy, VardíŸ, Finnmark",Norway,Europe,70.38333,31.15,TRUE,Marine,Unknown,Arctic,Yes,No,No,Population in % of mean,Apparently occupied nests,No,1980,59.3092,Fratercula_arctica,2008,1970,38,4.516094392043566e-5
8126,"Anker-Nilssen, T., V. Bakken, et al. (2000). The status of Marine birds breeding in the Barents sea region, Norsk Polarinstitutt: 140.",Aves,Charadriiformes,Alcidae,Fratercula,arctica,NA,"(Linnaeus, 1758)",Atlantic puffin,"Hornoya island, Vardo",Norway,Europe,70.36667,31.03333,TRUE,Marine,Unknown,Arctic,Yes,No,No,Occupied burrows-% change from 1st count.,census,No,1980,100,Fratercula_arctica,2008,1970,38,7.646157375149559e-5
8122,"Anker-Nilssen, T., V. Bakken, et al. (2000). The status of Marine birds breeding in the Barents sea region, Norsk Polarinstitutt: 140.",Aves,Charadriiformes,Alcidae,Fratercula,arctica,NA,"(Linnaeus, 1758)",Atlantic puffin,Rost islands,Norway,Europe,67.51667,12.11667,TRUE,Marine,Unknown,Atlantic north temperate,Yes,No,No,Occupied burrows-% change from 1st count.,census,No,1980,87.3,Fratercula_arctica,2008,1970,38,6.669233847338699e-5
2553,"Lorentsen, S.-H. (2004). The national monitoring programme for seabirds. Results up to and including the breeding season 2004. NINA Oppdragsmelding 852: 46pp.",Aves,Charadriiformes,Alcidae,Fratercula,arctica,NA,"(Linnaeus, 1758)",Atlantic puffin,"Runde, HeríŸy, MíŸre og Romsdal",Norway,Europe,62.35,5.53333,TRUE,Marine,Unknown,Atlantic north temperate,Yes,No,No,Estimated number relative,Apparantly occupied nests,No,1980,503,Fratercula_arctica,2008,1970,38,3.864617168284847e-4
2556,"Lorentsen, S.-H. (2004). The national monitoring programme for seabirds. Results up to and including the breeding season 2004. NINA Oppdragsmelding 852: 46pp.",Aves,Charadriiformes,Alcidae,Fratercula,arctica,NA,"(Linnaeus, 1758)",Atlantic puffin,"Hernyken, RíŸst, Nordland",Norway,Europe,67.426421,11.880602,TRUE,Marine,Unknown,Atlantic north temperate,Yes,No,No,Estimated number relative,Apparantly occupied nests,No,1980,104800,Fratercula_arctica,2008,1970,38,0.08061496028382782
2555,"Lorentsen, S. H. and S. Christensen-Dalsgaard (2009). The national monitoring programme for seabirds. Results up to and including 2008. NINA Oppdragsmelding 852: 58pp.",Aves,Charadriiformes,Alcidae,Fratercula,arctica,NA,"(Linnaeus, 1758)",Atlantic puffin,"HorníŸy, VardíŸ, Finnmark",Norway,Europe,70.38333,31.15,TRUE,Marine,Unknown,Arctic,Yes,No,No,Population in % of mean,Apparently occupied nests,No,1981,72.2841,Fratercula_arctica,2008,1970,38,5.514164083460347e-5
8126,"Anker-Nilssen, T., V. Bakken, et al. (2000). The status of Marine birds breeding in the Barents sea region, Norsk Polarinstitutt: 140.",Aves,Charadriiformes,Alcidae,Fratercula,arctica,NA,"(Linnaeus, 1758)",Atlantic puffin,"Hornoya island, Vardo",Norway,Europe,70.36667,31.03333,TRUE,Marine,Unknown,Arctic,Yes,No,No,Occupied burrows-% change from 1st count.,census,No,1981,121.9,Fratercula_arctica,2008,1970,38,9.330773537280096e-5
8122,"Anker-Nilssen, T., V. Bakken, et al. (2000). The status of Marine birds breeding in the Barents sea region, Norsk Polarinstitutt: 140.",Aves,Charadriiformes,Alcidae,Fratercula,arctica,NA,"(Linnaeus, 1758)",Atlantic puffin,Rost islands,Norway,Europe,67.51667,12.11667,TRUE,Marine,Unknown,Atlantic north temperate,Yes,No,No,Occupied burrows-% change from 1st count.,census,No,1981,92.5,Fratercula_arctica,2008,1970,38,7.069234031954169e-5
2553,"Lorentsen, S.-H. (2004). The national monitoring programme for seabirds. Results up to and including the breeding season 2004. NINA Oppdragsmelding 852: 46pp.",Aves,Charadriiformes,Alcidae,Fratercula,arctica,NA,"(Linnaeus, 1758)",Atlantic puffin,"Runde, HeríŸy, MíŸre og Romsdal",Norway,Europe,62.35,5.53333,TRUE,Marine,Unknown,Atlantic north temperate,Yes,No,No,Estimated number relative,Apparantly occupied nests,No,1981,615,Fratercula_arctica,2008,1970,38,4.726156027456628e-4
2554,"Lorentsen, S.-H. (2004). The national monitoring programme for seabirds. Results up to and including the breeding season 2004. NINA Oppdragsmelding 852: 46pp.",Aves,Charadriiformes,Alcidae,Fratercula,arctica,NA,"(Linnaeus, 1758)",Atlantic puffin,"Sklinna, Vikna, Nord-TríŸndelag",Norway,Europe,64.9,11.01667,TRUE,Marine,Unknown,Atlantic north temperate,Yes,No,No,Estimated number relative,Apparantly occupied nests,No,1981,100,Fratercula_arctica,2008,1970,38,7.646157375149559e-5
2556,"Lorentsen, S.-H. (2004). The national monitoring programme for seabirds. Results up to and including the breeding season 2004. NINA Oppdragsmelding 852: 46pp.",Aves,Charadriiformes,Alcidae,Fratercula,arctica,NA,"(Linnaeus, 1758)",Atlantic puffin,"Hernyken, RíŸst, Nordland",Norway,Europe,67.426421,11.880602,TRUE,Marine,Unknown,Atlantic north temperate,Yes,No,No,Estimated number relative,Apparantly occupied nests,No,1981,109850,Fratercula_arctica,2008,1970,38,0.08449957746134344
2555,"Lorentsen, S. H. and S. Christensen-Dalsgaard (2009). The national monitoring programme for seabirds. Results up to and including 2008. NINA Oppdragsmelding 852: 58pp.",Aves,Charadriiformes,Alcidae,Fratercula,arctica,NA,"(Linnaeus, 1758)",Atlantic puffin,"HorníŸy, VardíŸ, Finnmark",Norway,Europe,70.38333,31.15,TRUE,Marine,Unknown,Arctic,Yes,No,No,Population in % of mean,Apparently occupied nests,No,1982,73.7867,Fratercula_arctica,2008,1970,38,5.6297487521917327e-5
8126,"Anker-Nilssen, T., V. Bakken, et al. (2000). The status of Marine birds breeding in the Barents sea region, Norsk Polarinstitutt: 140.",Aves,Charadriiformes,Alcidae,Fratercula,arctica,NA,"(Linnaeus, 1758)",Atlantic puffin,"Hornoya island, Vardo",Norway,Europe,70.36667,31.03333,TRUE,Marine,Unknown,Arctic,Yes,No,No,Occupied burrows-% change from 1st count.,census,No,1982,124.7,Fratercula_arctica,2008,1970,38,9.546158252073041e-5
8122,"Anker-Nilssen, T., V. Bakken, et al. (2000). The status of Marine birds breeding in the Barents sea region, Norsk Polarinstitutt: 140.",Aves,Charadriiformes,Alcidae,Fratercula,arctica,NA,"(Linnaeus, 1758)",Atlantic puffin,Rost islands,Norway,Europe,67.51667,12.11667,TRUE,Marine,Unknown,Atlantic north temperate,Yes,No,No,Occupied burrows-% change from 1st count.,census,No,1982,84.9,Fratercula_arctica,2008,1970,38,6.484618377516175e-5
2553,"Lorentsen, S.-H. (2004). The national monitoring programme for seabirds. Results up to and including the breeding season 2004. NINA Oppdragsmelding 852: 46pp.",Aves,Charadriiformes,Alcidae,Fratercula,arctica,NA,"(Linnaeus, 1758)",Atlantic puffin,"Runde, HeríŸy, MíŸre og Romsdal",Norway,Europe,62.35,5.53333,TRUE,Marine,Unknown,Atlantic north temperate,Yes,No,No,Estimated number relative,Apparantly occupied nests,No,1982,717,Fratercula_arctica,2008,1970,38,5.510771774202358e-4
2554,"Lorentsen, S.-H. (2004). The national monitoring programme for seabirds. Results up to and including the breeding season 2004. NINA Oppdragsmelding 852: 46pp.",Aves,Charadriiformes,Alcidae,Fratercula,arctica,NA,"(Linnaeus, 1758)",Atlantic puffin,"Sklinna, Vikna, Nord-TríŸndelag",Norway,Europe,64.9,11.01667,TRUE,Marine,Unknown,Atlantic north temperate,Yes,No,No,Estimated number relative,Apparantly occupied nests,No,1982,99.34,Fratercula_arctica,2008,1970,38,7.595388120948365e-5
2556,"Lorentsen, S.-H. (2004). The national monitoring programme for seabirds. Results up to and including the breeding season 2004. NINA Oppdragsmelding 852: 46pp.",Aves,Charadriiformes,Alcidae,Fratercula,arctica,NA,"(Linnaeus, 1758)",Atlantic puffin,"Hernyken, RíŸst, Nordland",Norway,Europe,67.426421,11.880602,TRUE,Marine,Unknown,Atlantic north temperate,Yes,No,No,Estimated number relative,Apparantly occupied nests,No,1982,102610,Fratercula_arctica,2008,1970,38,0.07893034412169729
2555,"Lorentsen, S. H. and S. Christensen-Dalsgaard (2009). The national monitoring programme for seabirds. Results up to and including 2008. NINA Oppdragsmelding 852: 58pp.",Aves,Charadriiformes,Alcidae,Fratercula,arctica,NA,"(Linnaeus, 1758)",Atlantic puffin,"HorníŸy, VardíŸ, Finnmark",Norway,Europe,70.38333,31.15,TRUE,Marine,Unknown,Arctic,Yes,No,No,Population in % of mean,Apparently occupied nests,No,1983,73.7792,Fratercula_arctica,2008,1970,38,5.629171828848537e-5
8126,"Anker-Nilssen, T., V. Bakken, et al. (2000). The status of Marine birds breeding in the Barents sea region, Norsk Polarinstitutt: 140.",Aves,Charadriiformes,Alcidae,Fratercula,arctica,NA,"(Linnaeus, 1758)",Atlantic puffin,"Hornoya island, Vardo",Norway,Europe,70.36667,31.03333,TRUE,Marine,Unknown,Arctic,Yes,No,No,Occupied burrows-% change from 1st count.,census,No,1983,123.3,Fratercula_arctica,2008,1970,38,9.438465894676568e-5
8122,"Anker-Nilssen, T., V. Bakken, et al. (2000). The status of Marine birds breeding in the Barents sea region, Norsk Polarinstitutt: 140.",Aves,Charadriiformes,Alcidae,Fratercula,arctica,NA,"(Linnaeus, 1758)",Atlantic puffin,Rost islands,Norway,Europe,67.51667,12.11667,TRUE,Marine,Unknown,Atlantic north temperate,Yes,No,No,Occupied burrows-% change from 1st count.,census,No,1983,67.9,Fratercula_arctica,2008,1970,38,5.176925466273294e-5
2553,"Lorentsen, S.-H. (2004). The national monitoring programme for seabirds. Results up to and including the breeding season 2004. NINA Oppdragsmelding 852: 46pp.",Aves,Charadriiformes,Alcidae,Fratercula,arctica,NA,"(Linnaeus, 1758)",Atlantic puffin,"Runde, HeríŸy, MíŸre og Romsdal",Norway,Europe,62.35,5.53333,TRUE,Marine,Unknown,Atlantic north temperate,Yes,No,No,Estimated number relative,Apparantly occupied nests,No,1983,676,Fratercula_arctica,2008,1970,38,5.195387013255544e-4
2554,"Lorentsen, S.-H. (2004). The national monitoring programme for seabirds. Results up to and including the breeding season 2004. NINA Oppdragsmelding 852: 46pp.",Aves,Charadriiformes,Alcidae,Fratercula,arctica,NA,"(Linnaeus, 1758)",Atlantic puffin,"Sklinna, Vikna, Nord-TríŸndelag",Norway,Europe,64.9,11.01667,TRUE,Marine,Unknown,Atlantic north temperate,Yes,No,No,Estimated number relative,Apparantly occupied nests,No,1983,84.11,Fratercula_arctica,2008,1970,38,6.423849118699595e-5
2556,"Lorentsen, S.-H. (2004). The national monitoring programme for seabirds. Results up to and including the breeding season 2004. NINA Oppdragsmelding 852: 46pp.",Aves,Charadriiformes,Alcidae,Fratercula,arctica,NA,"(Linnaeus, 1758)",Atlantic puffin,"Hernyken, RíŸst, Nordland",Norway,Europe,67.426421,11.880602,TRUE,Marine,Unknown,Atlantic north temperate,Yes,No,No,Estimated number relative,Apparantly occupied nests,No,1983,79680,Fratercula_arctica,2008,1970,38,0.06129187444240359
8122,"Anker-Nilssen, T., V. Bakken, et al. (2000). The status of Marine birds breeding in the Barents sea region, Norsk Polarinstitutt: 140.",Aves,Charadriiformes,Alcidae,Fratercula,arctica,NA,"(Linnaeus, 1758)",Atlantic puffin,Rost islands,Norway,Europe,67.51667,12.11667,TRUE,Marine,Unknown,Atlantic north temperate,Yes,No,No,Occupied burrows-% change from 1st count.,census,No,1984,56.8,Fratercula_arctica,2008,1970,38,4.323078918344116e-5
2554,"Lorentsen, S.-H. (2004). The national monitoring programme for seabirds. Results up to and including the breeding season 2004. NINA Oppdragsmelding 852: 46pp.",Aves,Charadriiformes,Alcidae,Fratercula,arctica,NA,"(Linnaeus, 1758)",Atlantic puffin,"Sklinna, Vikna, Nord-TríŸndelag",Norway,Europe,64.9,11.01667,TRUE,Marine,Unknown,Atlantic north temperate,Yes,No,No,Estimated number relative,Apparantly occupied nests,No,1984,80.79,Fratercula_arctica,2008,1970,38,6.168464385445102e-5
2556,"Lorentsen, S.-H. (2004). The national monitoring programme for seabirds. Results up to and including the breeding season 2004. NINA Oppdragsmelding 852: 46pp.",Aves,Charadriiformes,Alcidae,Fratercula,arctica,NA,"(Linnaeus, 1758)",Atlantic puffin,"Hernyken, RíŸst, Nordland",Norway,Europe,67.426421,11.880602,TRUE,Marine,Unknown,Atlantic north temperate,Yes,No,No,Estimated number relative,Apparantly occupied nests,No,1984,68920,Fratercula_arctica,2008,1970,38,0.0530149475453604
2555,"Lorentsen, S. H. and S. Christensen-Dalsgaard (2009). The national monitoring programme for seabirds. Results up to and including 2008. NINA Oppdragsmelding 852: 58pp.",Aves,Charadriiformes,Alcidae,Fratercula,arctica,NA,"(Linnaeus, 1758)",Atlantic puffin,"HorníŸy, VardíŸ, Finnmark",Norway,Europe,70.38333,31.15,TRUE,Marine,Unknown,Arctic,Yes,No,No,Population in % of mean,Apparently occupied nests,No,1985,77.563,Fratercula_arctica,2008,1970,38,5.9202335016462326e-5
8126,"Anker-Nilssen, T., V. Bakken, et al. (2000). The status of Marine birds breeding in the Barents sea region, Norsk Polarinstitutt: 140.",Aves,Charadriiformes,Alcidae,Fratercula,arctica,NA,"(Linnaeus, 1758)",Atlantic puffin,"Hornoya island, Vardo",Norway,Europe,70.36667,31.03333,TRUE,Marine,Unknown,Arctic,Yes,No,No,Occupied burrows-% change from 1st count.,census,No,1985,130.7,Fratercula_arctica,2008,1970,38,1.0007696926629351e-4
8122,"Anker-Nilssen, T., V. Bakken, et al. (2000). The status of Marine birds breeding in the Barents sea region, Norsk Polarinstitutt: 140.",Aves,Charadriiformes,Alcidae,Fratercula,arctica,NA,"(Linnaeus, 1758)",Atlantic puffin,Rost islands,Norway,Europe,67.51667,12.11667,TRUE,Marine,Unknown,Atlantic north temperate,Yes,No,No,Occupied burrows-% change from 1st count.,census,No,1985,51,Fratercula_arctica,2008,1970,38,3.876924866273015e-5
2554,"Lorentsen, S.-H. (2004). The national monitoring programme for seabirds. Results up to and including the breeding season 2004. NINA Oppdragsmelding 852: 46pp.",Aves,Charadriiformes,Alcidae,Fratercula,arctica,NA,"(Linnaeus, 1758)",Atlantic puffin,"Sklinna, Vikna, Nord-TríŸndelag",Norway,Europe,64.9,11.01667,TRUE,Marine,Unknown,Atlantic north temperate,Yes,No,No,Estimated number relative,Apparantly occupied nests,No,1985,95.36,Fratercula_arctica,2008,1970,38,7.289234133492677e-5
2556,"Lorentsen, S.-H. (2004). The national monitoring programme for seabirds. Results up to and including the breeding season 2004. NINA Oppdragsmelding 852: 46pp.",Aves,Charadriiformes,Alcidae,Fratercula,arctica,NA,"(Linnaeus, 1758)",Atlantic puffin,"Hernyken, RíŸst, Nordland",Norway,Europe,67.426421,11.880602,TRUE,Marine,Unknown,Atlantic north temperate,Yes,No,No,Estimated number relative,Apparantly occupied nests,No,1985,60560,Fratercula_arctica,2008,1970,38,0.046584175346542474
8122,"Anker-Nilssen, T., V. Bakken, et al. (2000). The status of Marine birds breeding in the Barents sea region, Norsk Polarinstitutt: 140.",Aves,Charadriiformes,Alcidae,Fratercula,arctica,NA,"(Linnaeus, 1758)",Atlantic puffin,Rost islands,Norway,Europe,67.51667,12.11667,TRUE,Marine,Unknown,Atlantic north temperate,Yes,No,No,Occupied burrows-% change from 1st count.,census,No,1986,44.9,Fratercula_arctica,2008,1970,38,3.407693880474099e-5
2554,"Lorentsen, S.-H. (2004). The national monitoring programme for seabirds. Results up to and including the breeding season 2004. NINA Oppdragsmelding 852: 46pp.",Aves,Charadriiformes,Alcidae,Fratercula,arctica,NA,"(Linnaeus, 1758)",Atlantic puffin,"Sklinna, Vikna, Nord-TríŸndelag",Norway,Europe,64.9,11.01667,TRUE,Marine,Unknown,Atlantic north temperate,Yes,No,No,Estimated number relative,Apparantly occupied nests,No,1986,79.47,Fratercula_arctica,2008,1970,38,6.0669258770427135e-5
2556,"Lorentsen, S.-H. (2004). The national monitoring programme for seabirds. Results up to and including the breeding season 2004. NINA Oppdragsmelding 852: 46pp.",Aves,Charadriiformes,Alcidae,Fratercula,arctica,NA,"(Linnaeus, 1758)",Atlantic puffin,"Hernyken, RíŸst, Nordland",Norway,Europe,67.426421,11.880602,TRUE,Marine,Unknown,Atlantic north temperate,Yes,No,No,Estimated number relative,Apparantly occupied nests,No,1986,53640,Fratercula_arctica,2008,1970,38,0.04126109596665968
2555,"Lorentsen, S. H. and S. Christensen-Dalsgaard (2009). The national monitoring programme for seabirds. Results up to and including 2008. NINA Oppdragsmelding 852: 58pp.",Aves,Charadriiformes,Alcidae,Fratercula,arctica,NA,"(Linnaeus, 1758)",Atlantic puffin,"HorníŸy, VardíŸ, Finnmark",Norway,Europe,70.38333,31.15,TRUE,Marine,Unknown,Arctic,Yes,No,No,Population in % of mean,Apparently occupied nests,No,1987,76.8622,Fratercula_arctica,2008,1970,38,5.866325784458055e-5
8126,"Anker-Nilssen, T., V. Bakken, et al. (2000). The status of Marine birds breeding in the Barents sea region, Norsk Polarinstitutt: 140.",Aves,Charadriiformes,Alcidae,Fratercula,arctica,NA,"(Linnaeus, 1758)",Atlantic puffin,"Hornoya island, Vardo",Norway,Europe,70.36667,31.03333,TRUE,Marine,Unknown,Arctic,Yes,No,No,Occupied burrows-% change from 1st count.,census,No,1987,129.2,Fratercula_arctica,2008,1970,38,9.892312257990273e-5
8122,"Anker-Nilssen, T., V. Bakken, et al. (2000). The status of Marine birds breeding in the Barents sea region, Norsk Polarinstitutt: 140.",Aves,Charadriiformes,Alcidae,Fratercula,arctica,NA,"(Linnaeus, 1758)",Atlantic puffin,Rost islands,Norway,Europe,67.51667,12.11667,TRUE,Marine,Unknown,Atlantic north temperate,Yes,No,No,Occupied burrows-% change from 1st count.,census,No,1987,36.5,Fratercula_arctica,2008,1970,38,2.761539736095263e-5
2554,"Lorentsen, S.-H. (2004). The national monitoring programme for seabirds. Results up to and including the breeding season 2004. NINA Oppdragsmelding 852: 46pp.",Aves,Charadriiformes,Alcidae,Fratercula,arctica,NA,"(Linnaeus, 1758)",Atlantic puffin,"Sklinna, Vikna, Nord-TríŸndelag",Norway,Europe,64.9,11.01667,TRUE,Marine,Unknown,Atlantic north temperate,Yes,No,No,Estimated number relative,Apparantly occupied nests,No,1987,88.08,Fratercula_arctica,2008,1970,38,6.72923387503102e-5
2556,"Lorentsen, S.-H. (2004). The national monitoring programme for seabirds. Results up to and including the breeding season 2004. NINA Oppdragsmelding 852: 46pp.",Aves,Charadriiformes,Alcidae,Fratercula,arctica,NA,"(Linnaeus, 1758)",Atlantic puffin,"Hernyken, RíŸst, Nordland",Norway,Europe,67.426421,11.880602,TRUE,Marine,Unknown,Atlantic north temperate,Yes,No,No,Estimated number relative,Apparantly occupied nests,No,1987,44240,Fratercula_arctica,2008,1970,38,0.034030323398610805
2555,"Lorentsen, S. H. and S. Christensen-Dalsgaard (2009). The national monitoring programme for seabirds. Results up to and including 2008. NINA Oppdragsmelding 852: 58pp.",Aves,Charadriiformes,Alcidae,Fratercula,arctica,NA,"(Linnaeus, 1758)",Atlantic puffin,"HorníŸy, VardíŸ, Finnmark",Norway,Europe,70.38333,31.15,TRUE,Marine,Unknown,Arctic,Yes,No,No,Population in % of mean,Apparently occupied nests,No,1988,86.4949,Fratercula_arctica,2008,1970,38,6.607303049524485e-5
8126,"Anker-Nilssen, T., V. Bakken, et al. (2000). The status of Marine birds breeding in the Barents sea region, Norsk Polarinstitutt: 140.",Aves,Charadriiformes,Alcidae,Fratercula,arctica,NA,"(Linnaeus, 1758)",Atlantic puffin,"Hornoya island, Vardo",Norway,Europe,70.36667,31.03333,TRUE,Marine,Unknown,Arctic,Yes,No,No,Occupied burrows-% change from 1st count.,census,No,1988,145,Fratercula_arctica,2008,1970,38,1.1107697434321895e-4
1657,"Anker-Nilssen, T., V. Bakken, et al. (2000). The status of Marine birds breeding in the Barents sea region, Norsk Polarinstitutt: 140.",Aves,Charadriiformes,Alcidae,Fratercula,arctica,NA,"(Linnaeus, 1758)",Atlantic puffin,"RíŸst, Norway",Norway,Europe,67.51667,12.11667,FALSE,Marine,Unknown,Atlantic north temperate,Yes,No,No,Unknown,Unknown,No,1988,52e4,Fratercula_arctica,2008,1970,38,0.3999997230767953
8122,"Anker-Nilssen, T., V. Bakken, et al. (2000). The status of Marine birds breeding in the Barents sea region, Norsk Polarinstitutt: 140.",Aves,Charadriiformes,Alcidae,Fratercula,arctica,NA,"(Linnaeus, 1758)",Atlantic puffin,Rost islands,Norway,Europe,67.51667,12.11667,TRUE,Marine,Unknown,Atlantic north temperate,Yes,No,No,Occupied burrows-% change from 1st count.,census,No,1988,36.1,Fratercula_arctica,2008,1970,38,2.7307704911248423e-5
2554,"Lorentsen, S.-H. (2004). The national monitoring programme for seabirds. Results up to and including the breeding season 2004. NINA Oppdragsmelding 852: 46pp.",Aves,Charadriiformes,Alcidae,Fratercula,arctica,NA,"(Linnaeus, 1758)",Atlantic puffin,"Sklinna, Vikna, Nord-TríŸndelag",Norway,Europe,64.9,11.01667,TRUE,Marine,Unknown,Atlantic north temperate,Yes,No,No,Estimated number relative,Apparantly occupied nests,No,1988,78.15,Fratercula_arctica,2008,1970,38,5.965387368640325e-5
2556,"Lorentsen, S.-H. (2004). The national monitoring programme for seabirds. Results up to and including the breeding season 2004. NINA Oppdragsmelding 852: 46pp.",Aves,Charadriiformes,Alcidae,Fratercula,arctica,NA,"(Linnaeus, 1758)",Atlantic puffin,"Hernyken, RíŸst, Nordland",Norway,Europe,67.426421,11.880602,TRUE,Marine,Unknown,Atlantic north temperate,Yes,No,No,Estimated number relative,Apparantly occupied nests,No,1988,43160,Fratercula_arctica,2008,1970,38,0.03319955378440944
8122,"Anker-Nilssen, T., V. Bakken, et al. (2000). The status of Marine birds breeding in the Barents sea region, Norsk Polarinstitutt: 140.",Aves,Charadriiformes,Alcidae,Fratercula,arctica,NA,"(Linnaeus, 1758)",Atlantic puffin,Rost islands,Norway,Europe,67.51667,12.11667,TRUE,Marine,Unknown,Atlantic north temperate,Yes,No,No,Occupied burrows-% change from 1st count.,census,No,1989,38.3,Fratercula_arctica,2008,1970,38,2.900001338462156e-5
2553,"Lorentsen, S.-H. (2004). The national monitoring programme for seabirds. Results up to and including the breeding season 2004. NINA Oppdragsmelding 852: 46pp.",Aves,Charadriiformes,Alcidae,Fratercula,arctica,NA,"(Linnaeus, 1758)",Atlantic puffin,"Runde, HeríŸy, MíŸre og Romsdal",Norway,Europe,62.35,5.53333,TRUE,Marine,Unknown,Atlantic north temperate,Yes,No,No,Estimated number relative,Apparantly occupied nests,No,1989,726,Fratercula_arctica,2008,1970,38,5.580002575385804e-4
2554,"Lorentsen, S.-H. (2004). The national monitoring programme for seabirds. Results up to and including the breeding season 2004. NINA Oppdragsmelding 852: 46pp.",Aves,Charadriiformes,Alcidae,Fratercula,arctica,NA,"(Linnaeus, 1758)",Atlantic puffin,"Sklinna, Vikna, Nord-TríŸndelag",Norway,Europe,64.9,11.01667,TRUE,Marine,Unknown,Atlantic north temperate,Yes,No,No,Estimated number relative,Apparantly occupied nests,No,1989,90.73,Fratercula_arctica,2008,1970,38,6.933080122960059e-5
2556,"Lorentsen, S.-H. (2004). The national monitoring programme for seabirds. Results up to and including the breeding season 2004. NINA Oppdragsmelding 852: 46pp.",Aves,Charadriiformes,Alcidae,Fratercula,arctica,NA,"(Linnaeus, 1758)",Atlantic puffin,"Hernyken, RíŸst, Nordland",Norway,Europe,67.426421,11.880602,TRUE,Marine,Unknown,Atlantic north temperate,Yes,No,No,Estimated number relative,Apparantly occupied nests,No,1989,45760,Fratercula_arctica,2008,1970,38,0.03519955470748679
1662,Birdlife International (2005). Unknown publication - exact source not found.,Aves,Charadriiformes,Alcidae,Fratercula,arctica,NA,"(Linnaeus, 1758)",Atlantic puffin,Norway,Norway,Europe,66.0525,12.54472,FALSE,Marine,Unknown,Atlantic north temperate,Yes,No,No,breeding population index,Unknown,No,1990,50,Fratercula_arctica,2008,1970,38,3.8000017538469634e-5
1663,Birdlife International (2005). Unknown publication - exact source not found.,Aves,Charadriiformes,Alcidae,Fratercula,arctica,NA,"(Linnaeus, 1758)",Atlantic puffin,Ireland,Ireland,Europe,51.60472,-10.13,FALSE,Marine,Unknown,Atlantic north temperate,Yes,No,No,breeding population index,Unknown,No,1990,66,Fratercula_arctica,2008,1970,38,5.0307715526637945e-5
1664,Birdlife International (2005). Unknown publication - exact source not found.,Aves,Charadriiformes,Alcidae,Fratercula,arctica,NA,"(Linnaeus, 1758)",Atlantic puffin,France Atlantic,France,Europe,48.37222,-4.72417,FALSE,Marine,Unknown,Atlantic north temperate,Yes,No,No,breeding population index,Unknown,No,1990,50,Fratercula_arctica,2008,1970,38,3.8000017538469634e-5
1665,Birdlife International (2005). Unknown publication - exact source not found.,Aves,Charadriiformes,Alcidae,Fratercula,arctica,NA,"(Linnaeus, 1758)",Atlantic puffin,United Kingdom,United Kingdom,Europe,52.87611,-1.26583,FALSE,Marine,Unknown,Atlantic north temperate,Yes,No,No,breeding population index,Unknown,No,1990,135,Fratercula_arctica,2008,1970,38,1.0338466310061375e-4
2555,"Lorentsen, S. H. and S. Christensen-Dalsgaard (2009). The national monitoring programme for seabirds. Results up to and including 2008. NINA Oppdragsmelding 852: 58pp.",Aves,Charadriiformes,Alcidae,Fratercula,arctica,NA,"(Linnaeus, 1758)",Atlantic puffin,"HorníŸy, VardíŸ, Finnmark",Norway,Europe,70.38333,31.15,TRUE,Marine,Unknown,Arctic,Yes,No,No,Population in % of mean,Apparently occupied nests,No,1990,100.2427,Fratercula_arctica,2008,1970,38,7.664826614535361e-5
8126,"Anker-Nilssen, T., V. Bakken, et al. (2000). The status of Marine birds breeding in the Barents sea region, Norsk Polarinstitutt: 140.",Aves,Charadriiformes,Alcidae,Fratercula,arctica,NA,"(Linnaeus, 1758)",Atlantic puffin,"Hornoya island, Vardo",Norway,Europe,70.36667,31.03333,TRUE,Marine,Unknown,Arctic,Yes,No,No,Occupied burrows-% change from 1st count.,census,No,1990,168.3,Fratercula_arctica,2008,1970,38,1.2900005953848904e-4
8122,"Anker-Nilssen, T., V. Bakken, et al. (2000). The status of Marine birds breeding in the Barents sea region, Norsk Polarinstitutt: 140.",Aves,Charadriiformes,Alcidae,Fratercula,arctica,NA,"(Linnaeus, 1758)",Atlantic puffin,Rost islands,Norway,Europe,67.51667,12.11667,TRUE,Marine,Unknown,Atlantic north temperate,Yes,No,No,Occupied burrows-% change from 1st count.,census,No,1990,45.7,Fratercula_arctica,2008,1970,38,3.469232370414941e-5
2553,"Lorentsen, S.-H. (2004). The national monitoring programme for seabirds. Results up to and including the breeding season 2004. NINA Oppdragsmelding 852: 46pp.",Aves,Charadriiformes,Alcidae,Fratercula,arctica,NA,"(Linnaeus, 1758)",Atlantic puffin,"Runde, HeríŸy, MíŸre og Romsdal",Norway,Europe,62.35,5.53333,TRUE,Marine,Unknown,Atlantic north temperate,Yes,No,No,Estimated number relative,Apparantly occupied nests,No,1990,654,Fratercula_arctica,2008,1970,38,5.02615616591823e-4
2554,"Lorentsen, S.-H. (2004). The national monitoring programme for seabirds. Results up to and including the breeding season 2004. NINA Oppdragsmelding 852: 46pp.",Aves,Charadriiformes,Alcidae,Fratercula,arctica,NA,"(Linnaeus, 1758)",Atlantic puffin,"Sklinna, Vikna, Nord-TríŸndelag",Norway,Europe,64.9,11.01667,TRUE,Marine,Unknown,Atlantic north temperate,Yes,No,No,Estimated number relative,Apparantly occupied nests,No,1990,104.17,Fratercula_arctica,2008,1970,38,7.966926753966196e-5
2556,"Lorentsen, S.-H. (2004). The national monitoring programme for seabirds. Results up to and including the breeding season 2004. NINA Oppdragsmelding 852: 46pp.",Aves,Charadriiformes,Alcidae,Fratercula,arctica,NA,"(Linnaeus, 1758)",Atlantic puffin,"Hernyken, RíŸst, Nordland",Norway,Europe,67.426421,11.880602,TRUE,Marine,Unknown,Atlantic north temperate,Yes,No,No,Estimated number relative,Apparantly occupied nests,No,1990,55040,Fratercula_arctica,2008,1970,38,0.04233801954062441
2555,"Lorentsen, S. H. and S. Christensen-Dalsgaard (2009). The national monitoring programme for seabirds. Results up to and including 2008. NINA Oppdragsmelding 852: 58pp.",Aves,Charadriiformes,Alcidae,Fratercula,arctica,NA,"(Linnaeus, 1758)",Atlantic puffin,"HorníŸy, VardíŸ, Finnmark",Norway,Europe,70.38333,31.15,TRUE,Marine,Unknown,Arctic,Yes,No,No,Population in % of mean,Apparently occupied nests,No,1991,98.7627,Fratercula_arctica,2008,1970,38,7.550980408144804e-5
8126,"Anker-Nilssen, T., V. Bakken, et al. (2000). The status of Marine birds breeding in the Barents sea region, Norsk Polarinstitutt: 140.",Aves,Charadriiformes,Alcidae,Fratercula,arctica,NA,"(Linnaeus, 1758)",Atlantic puffin,"Hornoya island, Vardo",Norway,Europe,70.36667,31.03333,TRUE,Marine,Unknown,Arctic,Yes,No,No,Occupied burrows-% change from 1st count.,census,No,1991,164.6,Fratercula_arctica,2008,1970,38,1.2615390437872512e-4
8122,"Anker-Nilssen, T., V. Bakken, et al. (2000). The status of Marine birds breeding in the Barents sea region, Norsk Polarinstitutt: 140.",Aves,Charadriiformes,Alcidae,Fratercula,arctica,NA,"(Linnaeus, 1758)",Atlantic puffin,Rost islands,Norway,Europe,67.51667,12.11667,TRUE,Marine,Unknown,Atlantic north temperate,Yes,No,No,Occupied burrows-% change from 1st count.,census,No,1991,42.2,Fratercula_arctica,2008,1970,38,3.200001476923759e-5
2553,"Lorentsen, S.-H. (2004). The national monitoring programme for seabirds. Results up to and including the breeding season 2004. NINA Oppdragsmelding 852: 46pp.",Aves,Charadriiformes,Alcidae,Fratercula,arctica,NA,"(Linnaeus, 1758)",Atlantic puffin,"Runde, HeríŸy, MíŸre og Romsdal",Norway,Europe,62.35,5.53333,TRUE,Marine,Unknown,Atlantic north temperate,Yes,No,No,Estimated number relative,Apparantly occupied nests,No,1991,632,Fratercula_arctica,2008,1970,38,4.8569253185809166e-4
2554,"Lorentsen, S.-H. (2004). The national monitoring programme for seabirds. Results up to and including the breeding season 2004. NINA Oppdragsmelding 852: 46pp.",Aves,Charadriiformes,Alcidae,Fratercula,arctica,NA,"(Linnaeus, 1758)",Atlantic puffin,"Sklinna, Vikna, Nord-TríŸndelag",Norway,Europe,64.9,11.01667,TRUE,Marine,Unknown,Atlantic north temperate,Yes,No,No,Estimated number relative,Apparantly occupied nests,No,1991,100.81,Fratercula_arctica,2008,1970,38,7.708465096214661e-5
2556,"Lorentsen, S.-H. (2004). The national monitoring programme for seabirds. Results up to and including the breeding season 2004. NINA Oppdragsmelding 852: 46pp.",Aves,Charadriiformes,Alcidae,Fratercula,arctica,NA,"(Linnaeus, 1758)",Atlantic puffin,"Hernyken, RíŸst, Nordland",Norway,Europe,67.426421,11.880602,TRUE,Marine,Unknown,Atlantic north temperate,Yes,No,No,Estimated number relative,Apparantly occupied nests,No,1991,50120,Fratercula_arctica,2008,1970,38,0.03855340240926265
2555,"Lorentsen, S. H. and S. Christensen-Dalsgaard (2009). The national monitoring programme for seabirds. Results up to and including 2008. NINA Oppdragsmelding 852: 58pp.",Aves,Charadriiformes,Alcidae,Fratercula,arctica,NA,"(Linnaeus, 1758)",Atlantic puffin,"HorníŸy, VardíŸ, Finnmark",Norway,Europe,70.38333,31.15,TRUE,Marine,Unknown,Arctic,Yes,No,No,Population in % of mean,Apparently occupied nests,No,1992,88.0049,Fratercula_arctica,2008,1970,38,6.723456949287824e-5
8126,"Anker-Nilssen, T., V. Bakken, et al. (2000). The status of Marine birds breeding in the Barents sea region, Norsk Polarinstitutt: 140.",Aves,Charadriiformes,Alcidae,Fratercula,arctica,NA,"(Linnaeus, 1758)",Atlantic puffin,"Hornoya island, Vardo",Norway,Europe,70.36667,31.03333,TRUE,Marine,Unknown,Arctic,Yes,No,No,Occupied burrows-% change from 1st count.,census,No,1992,148.4,Fratercula_arctica,2008,1970,38,1.1369236016570471e-4
8122,"Anker-Nilssen, T., V. Bakken, et al. (2000). The status of Marine birds breeding in the Barents sea region, Norsk Polarinstitutt: 140.",Aves,Charadriiformes,Alcidae,Fratercula,arctica,NA,"(Linnaeus, 1758)",Atlantic puffin,Rost islands,Norway,Europe,67.51667,12.11667,TRUE,Marine,Unknown,Atlantic north temperate,Yes,No,No,Occupied burrows-% change from 1st count.,census,No,1992,43.7,Fratercula_arctica,2008,1970,38,3.315386145562837e-5
2553,"Lorentsen, S.-H. (2004). The national monitoring programme for seabirds. Results up to and including the breeding season 2004. NINA Oppdragsmelding 852: 46pp.",Aves,Charadriiformes,Alcidae,Fratercula,arctica,NA,"(Linnaeus, 1758)",Atlantic puffin,"Runde, HeríŸy, MíŸre og Romsdal",Norway,Europe,62.35,5.53333,TRUE,Marine,Unknown,Atlantic north temperate,Yes,No,No,Estimated number relative,Apparantly occupied nests,No,1992,700,Fratercula_arctica,2008,1970,38,5.380002483078069e-4
2554,"Lorentsen, S.-H. (2004). The national monitoring programme for seabirds. Results up to and including the breeding season 2004. NINA Oppdragsmelding 852: 46pp.",Aves,Charadriiformes,Alcidae,Fratercula,arctica,NA,"(Linnaeus, 1758)",Atlantic puffin,"Sklinna, Vikna, Nord-TríŸndelag",Norway,Europe,64.9,11.01667,TRUE,Marine,Unknown,Atlantic north temperate,Yes,No,No,Estimated number relative,Apparantly occupied nests,No,1992,81.32,Fratercula_arctica,2008,1970,38,6.209233635030908e-5
2556,"Lorentsen, S.-H. (2004). The national monitoring programme for seabirds. Results up to and including the breeding season 2004. NINA Oppdragsmelding 852: 46pp.",Aves,Charadriiformes,Alcidae,Fratercula,arctica,NA,"(Linnaeus, 1758)",Atlantic puffin,"Hernyken, RíŸst, Nordland",Norway,Europe,67.426421,11.880602,TRUE,Marine,Unknown,Atlantic north temperate,Yes,No,No,Estimated number relative,Apparantly occupied nests,No,1992,52360,Fratercula_arctica,2008,1970,38,0.040276480127606214
2555,"Lorentsen, S. H. and S. Christensen-Dalsgaard (2009). The national monitoring programme for seabirds. Results up to and including 2008. NINA Oppdragsmelding 852: 58pp.",Aves,Charadriiformes,Alcidae,Fratercula,arctica,NA,"(Linnaeus, 1758)",Atlantic puffin,"HorníŸy, VardíŸ, Finnmark",Norway,Europe,70.38333,31.15,TRUE,Marine,Unknown,Arctic,Yes,No,No,Population in % of mean,Apparently occupied nests,No,1993,92.8018,Fratercula_arctica,2008,1970,38,7.092449427284352e-5
8126,"Anker-Nilssen, T., V. Bakken, et al. (2000). The status of Marine birds breeding in the Barents sea region, Norsk Polarinstitutt: 140.",Aves,Charadriiformes,Alcidae,Fratercula,arctica,NA,"(Linnaeus, 1758)",Atlantic puffin,"Hornoya island, Vardo",Norway,Europe,70.36667,31.03333,TRUE,Marine,Unknown,Arctic,Yes,No,No,Occupied burrows-% change from 1st count.,census,No,1993,155.4,Fratercula_arctica,2008,1970,38,1.1907697803552835e-4
1661,"Mavor, R. A., M. Parsons, et al. (2004). Seabird numbers and breeding success in Britain and Ireland, 2003. UK Nature Conservation, No. 28. Peterborough, Joint Nature Conservation Committee.",Aves,Charadriiformes,Alcidae,Fratercula,arctica,NA,"(Linnaeus, 1758)",Atlantic puffin,Farne Islands,United Kingdom,Europe,55.63333,-1.61667,FALSE,Marine,Unknown,Atlantic north temperate,Yes,No,No,Breeding pairs,Whole colony or sample colony counts,No,1993,34710,Fratercula_arctica,2008,1970,38,0.02669955078440806
8122,"Anker-Nilssen, T., V. Bakken, et al. (2000). The status of Marine birds breeding in the Barents sea region, Norsk Polarinstitutt: 140.",Aves,Charadriiformes,Alcidae,Fratercula,arctica,NA,"(Linnaeus, 1758)",Atlantic puffin,Rost islands,Norway,Europe,67.51667,12.11667,TRUE,Marine,Unknown,Atlantic north temperate,Yes,No,No,Occupied burrows-% change from 1st count.,census,No,1993,38.5,Fratercula_arctica,2008,1970,38,2.9153859609473667e-5
2553,"Lorentsen, S.-H. (2004). The national monitoring programme for seabirds. Results up to and including the breeding season 2004. NINA Oppdragsmelding 852: 46pp.",Aves,Charadriiformes,Alcidae,Fratercula,arctica,NA,"(Linnaeus, 1758)",Atlantic puffin,"Runde, HeríŸy, MíŸre og Romsdal",Norway,Europe,62.35,5.53333,TRUE,Marine,Unknown,Atlantic north temperate,Yes,No,No,Estimated number relative,Apparantly occupied nests,No,1993,704,Fratercula_arctica,2008,1970,38,5.41077172804849e-4
2554,"Lorentsen, S.-H. (2004). The national monitoring programme for seabirds. Results up to and including the breeding season 2004. NINA Oppdragsmelding 852: 46pp.",Aves,Charadriiformes,Alcidae,Fratercula,arctica,NA,"(Linnaeus, 1758)",Atlantic puffin,"Sklinna, Vikna, Nord-TríŸndelag",Norway,Europe,64.9,11.01667,TRUE,Marine,Unknown,Atlantic north temperate,Yes,No,No,Estimated number relative,Apparantly occupied nests,No,1993,79.3,Fratercula_arctica,2008,1970,38,6.053848947930284e-5
2556,"Lorentsen, S.-H. (2004). The national monitoring programme for seabirds. Results up to and including the breeding season 2004. NINA Oppdragsmelding 852: 46pp.",Aves,Charadriiformes,Alcidae,Fratercula,arctica,NA,"(Linnaeus, 1758)",Atlantic puffin,"Hernyken, RíŸst, Nordland",Norway,Europe,67.426421,11.880602,TRUE,Marine,Unknown,Atlantic north temperate,Yes,No,No,Estimated number relative,Apparantly occupied nests,No,1993,45760,Fratercula_arctica,2008,1970,38,0.03519955470748679
2555,"Lorentsen, S. H. and S. Christensen-Dalsgaard (2009). The national monitoring programme for seabirds. Results up to and including 2008. NINA Oppdragsmelding 852: 58pp.",Aves,Charadriiformes,Alcidae,Fratercula,arctica,NA,"(Linnaeus, 1758)",Atlantic puffin,"HorníŸy, VardíŸ, Finnmark",Norway,Europe,70.38333,31.15,TRUE,Marine,Unknown,Arctic,Yes,No,No,Population in % of mean,Apparently occupied nests,No,1994,93.3422,Fratercula_arctica,2008,1970,38,7.134018677239392e-5
8126,"Anker-Nilssen, T., V. Bakken, et al. (2000). The status of Marine birds breeding in the Barents sea region, Norsk Polarinstitutt: 140.",Aves,Charadriiformes,Alcidae,Fratercula,arctica,NA,"(Linnaeus, 1758)",Atlantic puffin,"Hornoya island, Vardo",Norway,Europe,70.36667,31.03333,TRUE,Marine,Unknown,Arctic,Yes,No,No,Occupied burrows-% change from 1st count.,census,No,1994,155.4,Fratercula_arctica,2008,1970,38,1.1907697803552835e-4
8122,"Anker-Nilssen, T., V. Bakken, et al. (2000). The status of Marine birds breeding in the Barents sea region, Norsk Polarinstitutt: 140.",Aves,Charadriiformes,Alcidae,Fratercula,arctica,NA,"(Linnaeus, 1758)",Atlantic puffin,Rost islands,Norway,Europe,67.51667,12.11667,TRUE,Marine,Unknown,Atlantic north temperate,Yes,No,No,Occupied burrows-% change from 1st count.,census,No,1994,39.2,Fratercula_arctica,2008,1970,38,2.9692321396456032e-5
2553,"Lorentsen, S.-H. (2004). The national monitoring programme for seabirds. Results up to and including the breeding season 2004. NINA Oppdragsmelding 852: 46pp.",Aves,Charadriiformes,Alcidae,Fratercula,arctica,NA,"(Linnaeus, 1758)",Atlantic puffin,"Runde, HeríŸy, MíŸre og Romsdal",Norway,Europe,62.35,5.53333,TRUE,Marine,Unknown,Atlantic north temperate,Yes,No,No,Estimated number relative,Apparantly occupied nests,No,1994,695,Fratercula_arctica,2008,1970,38,5.341540926865043e-4
2554,"Lorentsen, S.-H. (2004). The national monitoring programme for seabirds. Results up to and including the breeding season 2004. NINA Oppdragsmelding 852: 46pp.",Aves,Charadriiformes,Alcidae,Fratercula,arctica,NA,"(Linnaeus, 1758)",Atlantic puffin,"Sklinna, Vikna, Nord-TríŸndelag",Norway,Europe,64.9,11.01667,TRUE,Marine,Unknown,Atlantic north temperate,Yes,No,No,Estimated number relative,Apparantly occupied nests,No,1994,69.22,Fratercula_arctica,2008,1970,38,5.278463974675681e-5
2556,"Lorentsen, S.-H. (2004). The national monitoring programme for seabirds. Results up to and including the breeding season 2004. NINA Oppdragsmelding 852: 46pp.",Aves,Charadriiformes,Alcidae,Fratercula,arctica,NA,"(Linnaeus, 1758)",Atlantic puffin,"Hernyken, RíŸst, Nordland",Norway,Europe,67.426421,11.880602,TRUE,Marine,Unknown,Atlantic north temperate,Yes,No,No,Estimated number relative,Apparantly occupied nests,No,1994,46560,Fratercula_arctica,2008,1970,38,0.035814939606895205
2555,"Lorentsen, S. H. and S. Christensen-Dalsgaard (2009). The national monitoring programme for seabirds. Results up to and including 2008. NINA Oppdragsmelding 852: 58pp.",Aves,Charadriiformes,Alcidae,Fratercula,arctica,NA,"(Linnaeus, 1758)",Atlantic puffin,"HorníŸy, VardíŸ, Finnmark",Norway,Europe,70.38333,31.15,TRUE,Marine,Unknown,Arctic,Yes,No,No,Population in % of mean,Apparently occupied nests,No,1995,90.8834,Fratercula_arctica,2008,1970,38,6.944880128406214e-5
8126,"Anker-Nilssen, T., V. Bakken, et al. (2000). The status of Marine birds breeding in the Barents sea region, Norsk Polarinstitutt: 140.",Aves,Charadriiformes,Alcidae,Fratercula,arctica,NA,"(Linnaeus, 1758)",Atlantic puffin,"Hornoya island, Vardo",Norway,Europe,70.36667,31.03333,TRUE,Marine,Unknown,Arctic,Yes,No,No,Occupied burrows-% change from 1st count.,census,No,1995,151.9,Fratercula_arctica,2008,1970,38,1.1638466910061652e-4
8122,"Anker-Nilssen, T., V. Bakken, et al. (2000). The status of Marine birds breeding in the Barents sea region, Norsk Polarinstitutt: 140.",Aves,Charadriiformes,Alcidae,Fratercula,arctica,NA,"(Linnaeus, 1758)",Atlantic puffin,Rost islands,Norway,Europe,67.51667,12.11667,TRUE,Marine,Unknown,Atlantic north temperate,Yes,No,No,Occupied burrows-% change from 1st count.,census,No,1995,38.5,Fratercula_arctica,2008,1970,38,2.9153859609473667e-5
2553,"Lorentsen, S.-H. (2004). The national monitoring programme for seabirds. Results up to and including the breeding season 2004. NINA Oppdragsmelding 852: 46pp.",Aves,Charadriiformes,Alcidae,Fratercula,arctica,NA,"(Linnaeus, 1758)",Atlantic puffin,"Runde, HeríŸy, MíŸre og Romsdal",Norway,Europe,62.35,5.53333,TRUE,Marine,Unknown,Atlantic north temperate,Yes,No,No,Estimated number relative,Apparantly occupied nests,No,1995,748,Fratercula_arctica,2008,1970,38,5.749233422723118e-4
2554,"Lorentsen, S.-H. (2004). The national monitoring programme for seabirds. Results up to and including the breeding season 2004. NINA Oppdragsmelding 852: 46pp.",Aves,Charadriiformes,Alcidae,Fratercula,arctica,NA,"(Linnaeus, 1758)",Atlantic puffin,"Sklinna, Vikna, Nord-TríŸndelag",Norway,Europe,64.9,11.01667,TRUE,Marine,Unknown,Atlantic north temperate,Yes,No,No,Estimated number relative,Apparantly occupied nests,No,1995,77.96,Fratercula_arctica,2008,1970,38,5.9507719772793747e-5
2556,"Lorentsen, S.-H. (2004). The national monitoring programme for seabirds. Results up to and including the breeding season 2004. NINA Oppdragsmelding 852: 46pp.",Aves,Charadriiformes,Alcidae,Fratercula,arctica,NA,"(Linnaeus, 1758)",Atlantic puffin,"Hernyken, RíŸst, Nordland",Norway,Europe,67.426421,11.880602,TRUE,Marine,Unknown,Atlantic north temperate,Yes,No,No,Estimated number relative,Apparantly occupied nests,No,1995,46680,Fratercula_arctica,2008,1970,38,0.03590724734180647
2555,"Lorentsen, S. H. and S. Christensen-Dalsgaard (2009). The national monitoring programme for seabirds. Results up to and including 2008. NINA Oppdragsmelding 852: 58pp.",Aves,Charadriiformes,Alcidae,Fratercula,arctica,NA,"(Linnaeus, 1758)",Atlantic puffin,"HorníŸy, VardíŸ, Finnmark",Norway,Europe,70.38333,31.15,TRUE,Marine,Unknown,Arctic,Yes,No,No,Population in % of mean,Apparently occupied nests,No,1996,99.2953,Fratercula_arctica,2008,1970,38,7.59194965782292e-5
8126,"Anker-Nilssen, T., V. Bakken, et al. (2000). The status of Marine birds breeding in the Barents sea region, Norsk Polarinstitutt: 140.",Aves,Charadriiformes,Alcidae,Fratercula,arctica,NA,"(Linnaeus, 1758)",Atlantic puffin,"Hornoya island, Vardo",Norway,Europe,70.36667,31.03333,TRUE,Marine,Unknown,Arctic,Yes,No,No,Occupied burrows-% change from 1st count.,census,No,1996,164.7,Fratercula_arctica,2008,1970,38,1.2623082749115116e-4
1657,"Anker-Nilssen, T., V. Bakken, et al. (2000). The status of Marine birds breeding in the Barents sea region, Norsk Polarinstitutt: 140.",Aves,Charadriiformes,Alcidae,Fratercula,arctica,NA,"(Linnaeus, 1758)",Atlantic puffin,"RíŸst, Norway",Norway,Europe,67.51667,12.11667,FALSE,Marine,Unknown,Atlantic north temperate,Yes,No,No,Unknown,Unknown,No,1996,45e4,Fratercula_arctica,2008,1970,38,0.346153544378559
8122,"Anker-Nilssen, T., V. Bakken, et al. (2000). The status of Marine birds breeding in the Barents sea region, Norsk Polarinstitutt: 140.",Aves,Charadriiformes,Alcidae,Fratercula,arctica,NA,"(Linnaeus, 1758)",Atlantic puffin,Rost islands,Norway,Europe,67.51667,12.11667,TRUE,Marine,Unknown,Atlantic north temperate,Yes,No,No,Occupied burrows-% change from 1st count.,census,No,1996,34.9,Fratercula_arctica,2008,1970,38,2.63846275621358e-5
2553,"Lorentsen, S.-H. (2004). The national monitoring programme for seabirds. Results up to and including the breeding season 2004. NINA Oppdragsmelding 852: 46pp.",Aves,Charadriiformes,Alcidae,Fratercula,arctica,NA,"(Linnaeus, 1758)",Atlantic puffin,"Runde, HeríŸy, MíŸre og Romsdal",Norway,Europe,62.35,5.53333,TRUE,Marine,Unknown,Atlantic north temperate,Yes,No,No,Estimated number relative,Apparantly occupied nests,No,1996,722,Fratercula_arctica,2008,1970,38,5.549233330415384e-4
2554,"Lorentsen, S.-H. (2004). The national monitoring programme for seabirds. Results up to and including the breeding season 2004. NINA Oppdragsmelding 852: 46pp.",Aves,Charadriiformes,Alcidae,Fratercula,arctica,NA,"(Linnaeus, 1758)",Atlantic puffin,"Sklinna, Vikna, Nord-TríŸndelag",Norway,Europe,64.9,11.01667,TRUE,Marine,Unknown,Atlantic north temperate,Yes,No,No,Estimated number relative,Apparantly occupied nests,No,1996,79.98,Fratercula_arctica,2008,1970,38,6.10615666438e-5
2556,"Lorentsen, S.-H. (2004). The national monitoring programme for seabirds. Results up to and including the breeding season 2004. NINA Oppdragsmelding 852: 46pp.",Aves,Charadriiformes,Alcidae,Fratercula,arctica,NA,"(Linnaeus, 1758)",Atlantic puffin,"Hernyken, RíŸst, Nordland",Norway,Europe,67.426421,11.880602,TRUE,Marine,Unknown,Atlantic north temperate,Yes,No,No,Estimated number relative,Apparantly occupied nests,No,1996,41840,Fratercula_arctica,2008,1970,38,0.032184168700385554
2555,"Lorentsen, S. H. and S. Christensen-Dalsgaard (2009). The national monitoring programme for seabirds. Results up to and including 2008. NINA Oppdragsmelding 852: 58pp.",Aves,Charadriiformes,Alcidae,Fratercula,arctica,NA,"(Linnaeus, 1758)",Atlantic puffin,"HorníŸy, VardíŸ, Finnmark",Norway,Europe,70.38333,31.15,TRUE,Marine,Unknown,Arctic,Yes,No,No,Population in % of mean,Apparently occupied nests,No,1997,103.7842,Fratercula_arctica,2008,1970,38,7.937249817192224e-5
8126,"Anker-Nilssen, T., V. Bakken, et al. (2000). The status of Marine birds breeding in the Barents sea region, Norsk Polarinstitutt: 140.",Aves,Charadriiformes,Alcidae,Fratercula,arctica,NA,"(Linnaeus, 1758)",Atlantic puffin,"Hornoya island, Vardo",Norway,Europe,70.36667,31.03333,TRUE,Marine,Unknown,Arctic,Yes,No,No,Occupied burrows-% change from 1st count.,census,No,1997,174.5,Fratercula_arctica,2008,1970,38,1.3376929250890425e-4
1657,"Anker-Nilssen, T., V. Bakken, et al. (2000). The status of Marine birds breeding in the Barents sea region, Norsk Polarinstitutt: 140.",Aves,Charadriiformes,Alcidae,Fratercula,arctica,NA,"(Linnaeus, 1758)",Atlantic puffin,"RíŸst, Norway",Norway,Europe,67.51667,12.11667,FALSE,Marine,Unknown,Atlantic north temperate,Yes,No,No,Unknown,Unknown,No,1997,51e4,Fratercula_arctica,2008,1970,38,0.3923074118341901
8122,"Anker-Nilssen, T., V. Bakken, et al. (2000). The status of Marine birds breeding in the Barents sea region, Norsk Polarinstitutt: 140.",Aves,Charadriiformes,Alcidae,Fratercula,arctica,NA,"(Linnaeus, 1758)",Atlantic puffin,Rost islands,Norway,Europe,67.51667,12.11667,TRUE,Marine,Unknown,Atlantic north temperate,Yes,No,No,Occupied burrows-% change from 1st count.,census,No,1997,44,Fratercula_arctica,2008,1970,38,3.338463079290652e-5
2553,"Lorentsen, S.-H. (2004). The national monitoring programme for seabirds. Results up to and including the breeding season 2004. NINA Oppdragsmelding 852: 46pp.",Aves,Charadriiformes,Alcidae,Fratercula,arctica,NA,"(Linnaeus, 1758)",Atlantic puffin,"Runde, HeríŸy, MíŸre og Romsdal",Norway,Europe,62.35,5.53333,TRUE,Marine,Unknown,Atlantic north temperate,Yes,No,No,Estimated number relative,Apparantly occupied nests,No,1997,784,Fratercula_arctica,2008,1970,38,6.026156627456905e-4
2554,"Lorentsen, S.-H. (2004). The national monitoring programme for seabirds. Results up to and including the breeding season 2004. NINA Oppdragsmelding 852: 46pp.",Aves,Charadriiformes,Alcidae,Fratercula,arctica,NA,"(Linnaeus, 1758)",Atlantic puffin,"Sklinna, Vikna, Nord-TríŸndelag",Norway,Europe,64.9,11.01667,TRUE,Marine,Unknown,Atlantic north temperate,Yes,No,No,Estimated number relative,Apparantly occupied nests,No,1997,75.94,Fratercula_arctica,2008,1970,38,5.79538729017875e-5
2556,"Lorentsen, S.-H. (2004). The national monitoring programme for seabirds. Results up to and including the breeding season 2004. NINA Oppdragsmelding 852: 46pp.",Aves,Charadriiformes,Alcidae,Fratercula,arctica,NA,"(Linnaeus, 1758)",Atlantic puffin,"Hernyken, RíŸst, Nordland",Norway,Europe,67.426421,11.880602,TRUE,Marine,Unknown,Atlantic north temperate,Yes,No,No,Estimated number relative,Apparantly occupied nests,No,1997,52480,Fratercula_arctica,2008,1970,38,0.04036878786251748
2555,"Lorentsen, S. H. and S. Christensen-Dalsgaard (2009). The national monitoring programme for seabirds. Results up to and including 2008. NINA Oppdragsmelding 852: 58pp.",Aves,Charadriiformes,Alcidae,Fratercula,arctica,NA,"(Linnaeus, 1758)",Atlantic puffin,"HorníŸy, VardíŸ, Finnmark",Norway,Europe,70.38333,31.15,TRUE,Marine,Unknown,Arctic,Yes,No,No,Population in % of mean,Apparently occupied nests,No,1998,100.1586,Fratercula_arctica,2008,1970,38,7.658357380780331e-5
8126,"Anker-Nilssen, T., V. Bakken, et al. (2000). The status of Marine birds breeding in the Barents sea region, Norsk Polarinstitutt: 140.",Aves,Charadriiformes,Alcidae,Fratercula,arctica,NA,"(Linnaeus, 1758)",Atlantic puffin,"Hornoya island, Vardo",Norway,Europe,70.36667,31.03333,TRUE,Marine,Unknown,Arctic,Yes,No,No,Occupied burrows-% change from 1st count.,census,No,1998,170.5,Fratercula_arctica,2008,1970,38,1.3069236801186218e-4
1657,"Anker-Nilssen, T., V. Bakken, et al. (2000). The status of Marine birds breeding in the Barents sea region, Norsk Polarinstitutt: 140.",Aves,Charadriiformes,Alcidae,Fratercula,arctica,NA,"(Linnaeus, 1758)",Atlantic puffin,"RíŸst, Norway",Norway,Europe,67.51667,12.11667,FALSE,Marine,Unknown,Atlantic north temperate,Yes,No,No,Unknown,Unknown,No,1998,46e4,Fratercula_arctica,2008,1970,38,0.35384585562116416
1658,"Mavor, R. A., M. Parsons, et al. (2004). Seabird numbers and breeding success in Britain and Ireland, 2003. UK Nature Conservation, No. 28. Peterborough, Joint Nature Conservation Committee.",Aves,Charadriiformes,Alcidae,Fratercula,arctica,NA,"(Linnaeus, 1758)",Atlantic puffin,"Isle of May, Scotland",United Kingdom,Europe,56.18333,-2.56667,TRUE,Marine,Unknown,Atlantic north temperate,Yes,No,No,Breeding pairs,Whole colony counts,No,1998,41542,Fratercula_arctica,2008,1970,38,0.031954937825355925
8122,"Anker-Nilssen, T., V. Bakken, et al. (2000). The status of Marine birds breeding in the Barents sea region, Norsk Polarinstitutt: 140.",Aves,Charadriiformes,Alcidae,Fratercula,arctica,NA,"(Linnaeus, 1758)",Atlantic puffin,Rost islands,Norway,Europe,67.51667,12.11667,TRUE,Marine,Unknown,Atlantic north temperate,Yes,No,No,Occupied burrows-% change from 1st count.,census,No,1998,36.2,Fratercula_arctica,2008,1970,38,2.7384628023674475e-5
2553,"Lorentsen, S.-H. (2004). The national monitoring programme for seabirds. Results up to and including the breeding season 2004. NINA Oppdragsmelding 852: 46pp.",Aves,Charadriiformes,Alcidae,Fratercula,arctica,NA,"(Linnaeus, 1758)",Atlantic puffin,"Runde, HeríŸy, MíŸre og Romsdal",Norway,Europe,62.35,5.53333,TRUE,Marine,Unknown,Atlantic north temperate,Yes,No,No,Estimated number relative,Apparantly occupied nests,No,1998,771,Fratercula_arctica,2008,1970,38,5.926156581303037e-4
2554,"Lorentsen, S.-H. (2004). The national monitoring programme for seabirds. Results up to and including the breeding season 2004. NINA Oppdragsmelding 852: 46pp.",Aves,Charadriiformes,Alcidae,Fratercula,arctica,NA,"(Linnaeus, 1758)",Atlantic puffin,"Sklinna, Vikna, Nord-TríŸndelag",Norway,Europe,64.9,11.01667,TRUE,Marine,Unknown,Atlantic north temperate,Yes,No,No,Estimated number relative,Apparantly occupied nests,No,1998,81.99,Fratercula_arctica,2008,1970,38,6.260772120356363e-5
2556,"Lorentsen, S.-H. (2004). The national monitoring programme for seabirds. Results up to and including the breeding season 2004. NINA Oppdragsmelding 852: 46pp.",Aves,Charadriiformes,Alcidae,Fratercula,arctica,NA,"(Linnaeus, 1758)",Atlantic puffin,"Hernyken, RíŸst, Nordland",Norway,Europe,67.426421,11.880602,TRUE,Marine,Unknown,Atlantic north temperate,Yes,No,No,Estimated number relative,Apparantly occupied nests,No,1998,43040,Fratercula_arctica,2008,1970,38,0.03310724604949818
2555,"Lorentsen, S. H. and S. Christensen-Dalsgaard (2009). The national monitoring programme for seabirds. Results up to and including 2008. NINA Oppdragsmelding 852: 58pp.",Aves,Charadriiformes,Alcidae,Fratercula,arctica,NA,"(Linnaeus, 1758)",Atlantic puffin,"HorníŸy, VardíŸ, Finnmark",Norway,Europe,70.38333,31.15,TRUE,Marine,Unknown,Arctic,Yes,No,No,Population in % of mean,Apparently occupied nests,No,1999,95.2423,Fratercula_arctica,2008,1970,38,7.280180283160131e-5
8126,"Anker-Nilssen, T., V. Bakken, et al. (2000). The status of Marine birds breeding in the Barents sea region, Norsk Polarinstitutt: 140.",Aves,Charadriiformes,Alcidae,Fratercula,arctica,NA,"(Linnaeus, 1758)",Atlantic puffin,"Hornoya island, Vardo",Norway,Europe,70.36667,31.03333,TRUE,Marine,Unknown,Arctic,Yes,No,No,Occupied burrows-% change from 1st count.,census,No,1999,159.2,Fratercula_arctica,2008,1970,38,1.220000563077183e-4
1659,"Mavor, R. A., M. Parsons, et al. (2004). Seabird numbers and breeding success in Britain and Ireland, 2003. UK Nature Conservation, No. 28. Peterborough, Joint Nature Conservation Committee.",Aves,Charadriiformes,Alcidae,Fratercula,arctica,NA,"(Linnaeus, 1758)",Atlantic puffin,Fidra,United Kingdom,Europe,56.071892,-2.784619,TRUE,Marine,Unknown,Atlantic north temperate,Yes,No,No,Breeding pairs,Whole colony counts,No,1999,405,Fratercula_arctica,2008,1970,38,3.1107706665095384e-4
1660,"Mavor, R. A., M. Parsons, et al. (2004). Seabird numbers and breeding success in Britain and Ireland, 2003. UK Nature Conservation, No. 28. Peterborough, Joint Nature Conservation Committee.",Aves,Charadriiformes,Alcidae,Fratercula,arctica,NA,"(Linnaeus, 1758)",Atlantic puffin,Craigleith,United Kingdom,Europe,56.06667,-2.71667,TRUE,Marine,Unknown,Atlantic north temperate,Yes,No,No,Breeding pairs,Whole colony counts,No,1999,28e3,Fratercula_arctica,2008,1970,38,0.021538009940619975
8122,"Anker-Nilssen, T., V. Bakken, et al. (2000). The status of Marine birds breeding in the Barents sea region, Norsk Polarinstitutt: 140.",Aves,Charadriiformes,Alcidae,Fratercula,arctica,NA,"(Linnaeus, 1758)",Atlantic puffin,Rost islands,Norway,Europe,67.51667,12.11667,TRUE,Marine,Unknown,Atlantic north temperate,Yes,No,No,Occupied burrows-% change from 1st count.,census,No,1999,35.4,Fratercula_arctica,2008,1970,38,2.6769243124266058e-5
2553,"Lorentsen, S.-H. (2004). The national monitoring programme for seabirds. Results up to and including the breeding season 2004. NINA Oppdragsmelding 852: 46pp.",Aves,Charadriiformes,Alcidae,Fratercula,arctica,NA,"(Linnaeus, 1758)",Atlantic puffin,"Runde, HeríŸy, MíŸre og Romsdal",Norway,Europe,62.35,5.53333,TRUE,Marine,Unknown,Atlantic north temperate,Yes,No,No,Estimated number relative,Apparantly occupied nests,No,1999,799,Fratercula_arctica,2008,1970,38,6.141541296095983e-4
2554,"Lorentsen, S.-H. (2004). The national monitoring programme for seabirds. Results up to and including the breeding season 2004. NINA Oppdragsmelding 852: 46pp.",Aves,Charadriiformes,Alcidae,Fratercula,arctica,NA,"(Linnaeus, 1758)",Atlantic puffin,"Sklinna, Vikna, Nord-TríŸndelag",Norway,Europe,64.9,11.01667,TRUE,Marine,Unknown,Atlantic north temperate,Yes,No,No,Estimated number relative,Apparantly occupied nests,No,1999,77.29,Fratercula_arctica,2008,1970,38,5.8992334919539205e-5
2556,"Lorentsen, S.-H. (2004). The national monitoring programme for seabirds. Results up to and including the breeding season 2004. NINA Oppdragsmelding 852: 46pp.",Aves,Charadriiformes,Alcidae,Fratercula,arctica,NA,"(Linnaeus, 1758)",Atlantic puffin,"Hernyken, RíŸst, Nordland",Norway,Europe,67.426421,11.880602,TRUE,Marine,Unknown,Atlantic north temperate,Yes,No,No,Estimated number relative,Apparantly occupied nests,No,1999,41880,Fratercula_arctica,2008,1970,38,0.03221493794535598
1662,Birdlife International (2005). Unknown publication - exact source not found.,Aves,Charadriiformes,Alcidae,Fratercula,arctica,NA,"(Linnaeus, 1758)",Atlantic puffin,Norway,Norway,Europe,66.0525,12.54472,FALSE,Marine,Unknown,Atlantic north temperate,Yes,No,No,breeding population index,Unknown,No,2000,40,Fratercula_arctica,2008,1970,38,3.0307706295864445e-5
1663,Birdlife International (2005). Unknown publication - exact source not found.,Aves,Charadriiformes,Alcidae,Fratercula,arctica,NA,"(Linnaeus, 1758)",Atlantic puffin,Ireland,Ireland,Europe,51.60472,-10.13,FALSE,Marine,Unknown,Atlantic north temperate,Yes,No,No,breeding population index,Unknown,No,2000,66,Fratercula_arctica,2008,1970,38,5.0307715526637945e-5
1664,Birdlife International (2005). Unknown publication - exact source not found.,Aves,Charadriiformes,Alcidae,Fratercula,arctica,NA,"(Linnaeus, 1758)",Atlantic puffin,France Atlantic,France,Europe,48.37222,-4.72417,FALSE,Marine,Unknown,Atlantic north temperate,Yes,No,No,breeding population index,Unknown,No,2000,50,Fratercula_arctica,2008,1970,38,3.8000017538469634e-5
1665,Birdlife International (2005). Unknown publication - exact source not found.,Aves,Charadriiformes,Alcidae,Fratercula,arctica,NA,"(Linnaeus, 1758)",Atlantic puffin,United Kingdom,United Kingdom,Europe,52.87611,-1.26583,FALSE,Marine,Unknown,Atlantic north temperate,Yes,No,No,breeding population index,Unknown,No,2000,171,Fratercula_arctica,2008,1970,38,1.3107698357399242e-4
2555,"Lorentsen, S. H. and S. Christensen-Dalsgaard (2009). The national monitoring programme for seabirds. Results up to and including 2008. NINA Oppdragsmelding 852: 58pp.",Aves,Charadriiformes,Alcidae,Fratercula,arctica,NA,"(Linnaeus, 1758)",Atlantic puffin,"HorníŸy, VardíŸ, Finnmark",Norway,Europe,70.38333,31.15,TRUE,Marine,Unknown,Arctic,Yes,No,No,Population in % of mean,Apparently occupied nests,No,2000,112.3664,Fratercula_arctica,2008,1970,38,8.597419352655086e-5
4933,"Davoren, G. K. (2007). Effects of gill-net fishing on marine birds in a biological hotspot in the Northwest Atlantic. Conservation Biology 21(4): 1032-1045.",Aves,Charadriiformes,Alcidae,Fratercula,arctica,NA,"(Linnaeus, 1758)",Atlantic puffin,NE coast of Newfoundland,Canada,North America,49.36667,-53.75,TRUE,Marine,Unknown,Atlantic north temperate,Yes,No,No,Total number/kmŒ_,Regional-scale survey using strip-transects,No,2000,0.6,Fratercula_arctica,2008,1970,38,0
2553,"Lorentsen, S.-H. (2004). The national monitoring programme for seabirds. Results up to and including the breeding season 2004. NINA Oppdragsmelding 852: 46pp.",Aves,Charadriiformes,Alcidae,Fratercula,arctica,NA,"(Linnaeus, 1758)",Atlantic puffin,"Runde, HeríŸy, MíŸre og Romsdal",Norway,Europe,62.35,5.53333,TRUE,Marine,Unknown,Atlantic north temperate,Yes,No,No,Estimated number relative,Apparantly occupied nests,No,2000,787,Fratercula_arctica,2008,1970,38,6.049233561184721e-4
2554,"Lorentsen, S.-H. (2004). The national monitoring programme for seabirds. Results up to and including the breeding season 2004. NINA Oppdragsmelding 852: 46pp.",Aves,Charadriiformes,Alcidae,Fratercula,arctica,NA,"(Linnaeus, 1758)",Atlantic puffin,"Sklinna, Vikna, Nord-TríŸndelag",Norway,Europe,64.9,11.01667,TRUE,Marine,Unknown,Atlantic north temperate,Yes,No,No,Estimated number relative,Apparantly occupied nests,No,2000,71.24,Fratercula_arctica,2008,1970,38,5.433848661776306e-5
2556,"Lorentsen, S.-H. (2004). The national monitoring programme for seabirds. Results up to and including the breeding season 2004. NINA Oppdragsmelding 852: 46pp.",Aves,Charadriiformes,Alcidae,Fratercula,arctica,NA,"(Linnaeus, 1758)",Atlantic puffin,"Hernyken, RíŸst, Nordland",Norway,Europe,67.426421,11.880602,TRUE,Marine,Unknown,Atlantic north temperate,Yes,No,No,Estimated number relative,Apparantly occupied nests,No,2000,41520,Fratercula_arctica,2008,1970,38,0.03193801474062219
2555,"Lorentsen, S. H. and S. Christensen-Dalsgaard (2009). The national monitoring programme for seabirds. Results up to and including 2008. NINA Oppdragsmelding 852: 58pp.",Aves,Charadriiformes,Alcidae,Fratercula,arctica,NA,"(Linnaeus, 1758)",Atlantic puffin,"HorníŸy, VardíŸ, Finnmark",Norway,Europe,70.38333,31.15,TRUE,Marine,Unknown,Arctic,Yes,No,No,Population in % of mean,Apparently occupied nests,No,2001,115.7238,Fratercula_arctica,2008,1970,38,8.855681010314313e-5
4933,"Davoren, G. K. (2007). Effects of gill-net fishing on marine birds in a biological hotspot in the Northwest Atlantic. Conservation Biology 21(4): 1032-1045.",Aves,Charadriiformes,Alcidae,Fratercula,arctica,NA,"(Linnaeus, 1758)",Atlantic puffin,NE coast of Newfoundland,Canada,North America,49.36667,-53.75,TRUE,Marine,Unknown,Atlantic north temperate,Yes,No,No,Total number/kmŒ_,Regional-scale survey using strip-transects,No,2001,0.9,Fratercula_arctica,2008,1970,38,2.3076933727815572e-7
2553,"Lorentsen, S.-H. (2004). The national monitoring programme for seabirds. Results up to and including the breeding season 2004. NINA Oppdragsmelding 852: 46pp.",Aves,Charadriiformes,Alcidae,Fratercula,arctica,NA,"(Linnaeus, 1758)",Atlantic puffin,"Runde, HeríŸy, MíŸre og Romsdal",Norway,Europe,62.35,5.53333,TRUE,Marine,Unknown,Atlantic north temperate,Yes,No,No,Estimated number relative,Apparantly occupied nests,No,2001,694,Fratercula_arctica,2008,1970,38,5.333848615622438e-4
2554,"Lorentsen, S.-H. (2004). The national monitoring programme for seabirds. Results up to and including the breeding season 2004. NINA Oppdragsmelding 852: 46pp.",Aves,Charadriiformes,Alcidae,Fratercula,arctica,NA,"(Linnaeus, 1758)",Atlantic puffin,"Sklinna, Vikna, Nord-TríŸndelag",Norway,Europe,64.9,11.01667,TRUE,Marine,Unknown,Atlantic north temperate,Yes,No,No,Estimated number relative,Apparantly occupied nests,No,2001,73.93,Fratercula_arctica,2008,1970,38,5.640771834202386e-5
2556,"Lorentsen, S.-H. (2004). The national monitoring programme for seabirds. Results up to and including the breeding season 2004. NINA Oppdragsmelding 852: 46pp.",Aves,Charadriiformes,Alcidae,Fratercula,arctica,NA,"(Linnaeus, 1758)",Atlantic puffin,"Hernyken, RíŸst, Nordland",Norway,Europe,67.426421,11.880602,TRUE,Marine,Unknown,Atlantic north temperate,Yes,No,No,Estimated number relative,Apparantly occupied nests,No,2001,37520,Fratercula_arctica,2008,1970,38,0.028861090243580117
2555,"Lorentsen, S. H. and S. Christensen-Dalsgaard (2009). The national monitoring programme for seabirds. Results up to and including 2008. NINA Oppdragsmelding 852: 58pp.",Aves,Charadriiformes,Alcidae,Fratercula,arctica,NA,"(Linnaeus, 1758)",Atlantic puffin,"HorníŸy, VardíŸ, Finnmark",Norway,Europe,70.38333,31.15,TRUE,Marine,Unknown,Arctic,Yes,No,No,Population in % of mean,Apparently occupied nests,No,2002,125.6902,Fratercula_arctica,2008,1970,38,9.622327517997317e-5
2553,"Lorentsen, S.-H. (2004). The national monitoring programme for seabirds. Results up to and including the breeding season 2004. NINA Oppdragsmelding 852: 46pp.",Aves,Charadriiformes,Alcidae,Fratercula,arctica,NA,"(Linnaeus, 1758)",Atlantic puffin,"Runde, HeríŸy, MíŸre og Romsdal",Norway,Europe,62.35,5.53333,TRUE,Marine,Unknown,Atlantic north temperate,Yes,No,No,Estimated number relative,Apparantly occupied nests,No,2002,721,Fratercula_arctica,2008,1970,38,5.541541019172778e-4
2554,"Lorentsen, S.-H. (2004). The national monitoring programme for seabirds. Results up to and including the breeding season 2004. NINA Oppdragsmelding 852: 46pp.",Aves,Charadriiformes,Alcidae,Fratercula,arctica,NA,"(Linnaeus, 1758)",Atlantic puffin,"Sklinna, Vikna, Nord-TríŸndelag",Norway,Europe,64.9,11.01667,TRUE,Marine,Unknown,Atlantic north temperate,Yes,No,No,Estimated number relative,Apparantly occupied nests,No,2002,59.14,Fratercula_arctica,2008,1970,38,4.5030790014210775e-5
2556,"Lorentsen, S.-H. (2004). The national monitoring programme for seabirds. Results up to and including the breeding season 2004. NINA Oppdragsmelding 852: 46pp.",Aves,Charadriiformes,Alcidae,Fratercula,arctica,NA,"(Linnaeus, 1758)",Atlantic puffin,"Hernyken, RíŸst, Nordland",Norway,Europe,67.426421,11.880602,TRUE,Marine,Unknown,Atlantic north temperate,Yes,No,No,Estimated number relative,Apparantly occupied nests,No,2002,31880,Fratercula_arctica,2008,1970,38,0.02452262670275079
2555,"Lorentsen, S. H. and S. Christensen-Dalsgaard (2009). The national monitoring programme for seabirds. Results up to and including 2008. NINA Oppdragsmelding 852: 58pp.",Aves,Charadriiformes,Alcidae,Fratercula,arctica,NA,"(Linnaeus, 1758)",Atlantic puffin,"HorníŸy, VardíŸ, Finnmark",Norway,Europe,70.38333,31.15,TRUE,Marine,Unknown,Arctic,Yes,No,No,Population in % of mean,Apparently occupied nests,No,2003,66.9824,Fratercula_arctica,2008,1970,38,5.106340818311148e-5
1658,"Mavor, R. A., M. Parsons, et al. (2004). Seabird numbers and breeding success in Britain and Ireland, 2003. UK Nature Conservation, No. 28. Peterborough, Joint Nature Conservation Committee.",Aves,Charadriiformes,Alcidae,Fratercula,arctica,NA,"(Linnaeus, 1758)",Atlantic puffin,"Isle of May, Scotland",United Kingdom,Europe,56.18333,-2.56667,TRUE,Marine,Unknown,Atlantic north temperate,Yes,No,No,Breeding pairs,Whole colony counts,No,2003,69300,Fratercula_arctica,2008,1970,38,0.0533072553725794
1659,"Mavor, R. A., M. Parsons, et al. (2004). Seabird numbers and breeding success in Britain and Ireland, 2003. UK Nature Conservation, No. 28. Peterborough, Joint Nature Conservation Committee.",Aves,Charadriiformes,Alcidae,Fratercula,arctica,NA,"(Linnaeus, 1758)",Atlantic puffin,Fidra,United Kingdom,Europe,56.071892,-2.784619,TRUE,Marine,Unknown,Atlantic north temperate,Yes,No,No,Breeding pairs,Whole colony counts,No,2003,1466,Fratercula_arctica,2008,1970,38,0.0011272312894913645
1660,"Mavor, R. A., M. Parsons, et al. (2004). Seabird numbers and breeding success in Britain and Ireland, 2003. UK Nature Conservation, No. 28. Peterborough, Joint Nature Conservation Committee.",Aves,Charadriiformes,Alcidae,Fratercula,arctica,NA,"(Linnaeus, 1758)",Atlantic puffin,Craigleith,United Kingdom,Europe,56.06667,-2.71667,TRUE,Marine,Unknown,Atlantic north temperate,Yes,No,No,Breeding pairs,Whole colony counts,No,2003,12100,Fratercula_arctica,2008,1970,38,0.009307235064877723
1661,"Mavor, R. A., M. Parsons, et al. (2004). Seabird numbers and breeding success in Britain and Ireland, 2003. UK Nature Conservation, No. 28. Peterborough, Joint Nature Conservation Committee.",Aves,Charadriiformes,Alcidae,Fratercula,arctica,NA,"(Linnaeus, 1758)",Atlantic puffin,Farne Islands,United Kingdom,Europe,55.63333,-1.61667,FALSE,Marine,Unknown,Atlantic north temperate,Yes,No,No,Breeding pairs,Whole colony or sample colony counts,No,2003,55674,Fratercula_arctica,2008,1970,38,0.042825712073405575
4933,"Davoren, G. K. (2007). Effects of gill-net fishing on marine birds in a biological hotspot in the Northwest Atlantic. Conservation Biology 21(4): 1032-1045.",Aves,Charadriiformes,Alcidae,Fratercula,arctica,NA,"(Linnaeus, 1758)",Atlantic puffin,NE coast of Newfoundland,Canada,North America,49.36667,-53.75,TRUE,Marine,Unknown,Atlantic north temperate,Yes,No,No,Total number/kmŒ_,Regional-scale survey using strip-transects,No,2003,0.8,Fratercula_arctica,2008,1970,38,1.5384622485210385e-7
2553,"Lorentsen, S.-H. (2004). The national monitoring programme for seabirds. Results up to and including the breeding season 2004. NINA Oppdragsmelding 852: 46pp.",Aves,Charadriiformes,Alcidae,Fratercula,arctica,NA,"(Linnaeus, 1758)",Atlantic puffin,"Runde, HeríŸy, MíŸre og Romsdal",Norway,Europe,62.35,5.53333,TRUE,Marine,Unknown,Atlantic north temperate,Yes,No,No,Estimated number relative,Apparantly occupied nests,No,2003,775,Fratercula_arctica,2008,1970,38,5.956925826273459e-4
2554,"Lorentsen, S.-H. (2004). The national monitoring programme for seabirds. Results up to and including the breeding season 2004. NINA Oppdragsmelding 852: 46pp.",Aves,Charadriiformes,Alcidae,Fratercula,arctica,NA,"(Linnaeus, 1758)",Atlantic puffin,"Sklinna, Vikna, Nord-TríŸndelag",Norway,Europe,64.9,11.01667,TRUE,Marine,Unknown,Atlantic north temperate,Yes,No,No,Estimated number relative,Apparantly occupied nests,No,2003,62.5,Fratercula_arctica,2008,1970,38,4.761540659172612e-5
2556,"Lorentsen, S.-H. (2004). The national monitoring programme for seabirds. Results up to and including the breeding season 2004. NINA Oppdragsmelding 852: 46pp.",Aves,Charadriiformes,Alcidae,Fratercula,arctica,NA,"(Linnaeus, 1758)",Atlantic puffin,"Hernyken, RíŸst, Nordland",Norway,Europe,67.426421,11.880602,TRUE,Marine,Unknown,Atlantic north temperate,Yes,No,No,Estimated number relative,Apparantly occupied nests,No,2003,33840,Fratercula_arctica,2008,1970,38,0.026030319706301406
2555,"Lorentsen, S. H. and S. Christensen-Dalsgaard (2009). The national monitoring programme for seabirds. Results up to and including 2008. NINA Oppdragsmelding 852: 58pp.",Aves,Charadriiformes,Alcidae,Fratercula,arctica,NA,"(Linnaeus, 1758)",Atlantic puffin,"HorníŸy, VardíŸ, Finnmark",Norway,Europe,70.38333,31.15,TRUE,Marine,Unknown,Arctic,Yes,No,No,Population in % of mean,Apparently occupied nests,No,2004,73.1825,Fratercula_arctica,2008,1970,38,5.583271807663912e-5
2553,"Lorentsen, S.-H. (2004). The national monitoring programme for seabirds. Results up to and including the breeding season 2004. NINA Oppdragsmelding 852: 46pp.",Aves,Charadriiformes,Alcidae,Fratercula,arctica,NA,"(Linnaeus, 1758)",Atlantic puffin,"Runde, HeríŸy, MíŸre og Romsdal",Norway,Europe,62.35,5.53333,TRUE,Marine,Unknown,Atlantic north temperate,Yes,No,No,Estimated number relative,Apparantly occupied nests,No,2004,689,Fratercula_arctica,2008,1970,38,5.295387059409412e-4
2554,"Lorentsen, S.-H. (2004). The national monitoring programme for seabirds. Results up to and including the breeding season 2004. NINA Oppdragsmelding 852: 46pp.",Aves,Charadriiformes,Alcidae,Fratercula,arctica,NA,"(Linnaeus, 1758)",Atlantic puffin,"Sklinna, Vikna, Nord-TríŸndelag",Norway,Europe,64.9,11.01667,TRUE,Marine,Unknown,Atlantic north temperate,Yes,No,No,Estimated number relative,Apparantly occupied nests,No,2004,67.88,Fratercula_arctica,2008,1970,38,5.1753870040247716e-5
2556,"Lorentsen, S.-H. (2004). The national monitoring programme for seabirds. Results up to and including the breeding season 2004. NINA Oppdragsmelding 852: 46pp.",Aves,Charadriiformes,Alcidae,Fratercula,arctica,NA,"(Linnaeus, 1758)",Atlantic puffin,"Hernyken, RíŸst, Nordland",Norway,Europe,67.426421,11.880602,TRUE,Marine,Unknown,Atlantic north temperate,Yes,No,No,Estimated number relative,Apparantly occupied nests,No,2004,35600,Fratercula_arctica,2008,1970,38,0.02738416648499992
2555,"Lorentsen, S. H. and S. Christensen-Dalsgaard (2009). The national monitoring programme for seabirds. Results up to and including 2008. NINA Oppdragsmelding 852: 58pp.",Aves,Charadriiformes,Alcidae,Fratercula,arctica,NA,"(Linnaeus, 1758)",Atlantic puffin,"HorníŸy, VardíŸ, Finnmark",Norway,Europe,70.38333,31.15,TRUE,Marine,Unknown,Arctic,Yes,No,No,Population in % of mean,Apparently occupied nests,No,2005,96.0299,Fratercula_arctica,2008,1970,38,7.34076492650689e-5
2555,"Lorentsen, S. H. and S. Christensen-Dalsgaard (2009). The national monitoring programme for seabirds. Results up to and including 2008. NINA Oppdragsmelding 852: 58pp.",Aves,Charadriiformes,Alcidae,Fratercula,arctica,NA,"(Linnaeus, 1758)",Atlantic puffin,"HorníŸy, VardíŸ, Finnmark",Norway,Europe,70.38333,31.15,TRUE,Marine,Unknown,Arctic,Yes,No,No,Population in % of mean,Apparently occupied nests,No,2006,74.2559,Fratercula_arctica,2008,1970,38,5.665841076542036e-5
2555,"Lorentsen, S. H. and S. Christensen-Dalsgaard (2009). The national monitoring programme for seabirds. Results up to and including 2008. NINA Oppdragsmelding 852: 58pp.",Aves,Charadriiformes,Alcidae,Fratercula,arctica,NA,"(Linnaeus, 1758)",Atlantic puffin,"HorníŸy, VardíŸ, Finnmark",Norway,Europe,70.38333,31.15,TRUE,Marine,Unknown,Arctic,Yes,No,No,Population in % of mean,Apparently occupied nests,No,2007,77.3834,Fratercula_arctica,2008,1970,38,5.906418110654513e-5
2555,"Lorentsen, S. H. and S. Christensen-Dalsgaard (2009). The national monitoring programme for seabirds. Results up to and including 2008. NINA Oppdragsmelding 852: 58pp.",Aves,Charadriiformes,Alcidae,Fratercula,arctica,NA,"(Linnaeus, 1758)",Atlantic puffin,"HorníŸy, VardíŸ, Finnmark",Norway,Europe,70.38333,31.15,TRUE,Marine,Unknown,Arctic,Yes,No,No,Population in % of mean,Apparently occupied nests,No,2008,93.2043,Fratercula_arctica,2008,1970,38,7.123410980035838e-5
